Workbook

Sheet Dashboard
B2: DASHBOARD PEMBAYARAN TAGIHAN WIFI
B6: TAGIHAN BELUM LUNAS | E6: TOTAL PELANGGAN | H6: TOTAL PENGELUARAN | K6: TOTAL PEMBAYARAN LUNAS RP
B8: RP : | C8: =SUM('Tagihan Pelanggan'!M4:M601) -> 15950000 | E8: =COUNTA(NamaPelanggan!C3:C602) -> 500 | H8: RP : | I8: =Pengeluaran!F3 -> 1915000 | K8: CASH : | L8: =SUM('Tagihan Pelanggan'!G4:G601) -> 75000
K9: BCA : | L9: =SUM('Tagihan Pelanggan'!H4:H601) -> 900000
K10: BRI : | L10: =SUM('Tagihan Pelanggan'!I4:I601) -> 42790000
K11: MANDIRI : | L11: =SUM('Tagihan Pelanggan'!J4:J601) -> 700000
K12: bni : | L12: =SUM('Tagihan Pelanggan'!K4:K601) -> 100000
K13: TOTAL KESELURUHAN RP
K15: RP : | L15: =L8+L9+L10+L11+L12 -> 44565000

Sheet NamaPelanggan
A1: @dropdown
B2: NO | C2: ID PELANGGAN | D2: NAMA PELANGGAN | E2: ALAMAT | F2: KODE PAKET | G2: PAKET | H2: HARGA
B3: 1 | C3: =IF(D3="","",LEFT(SUBSTITUTE(UPPER(E3)," ",""),3)&"-"&TEXT(B3,"000")) -> BLI-001 | D3: BAIHAKI | E3: BLIMBINGSARI | F3: 10 | G3: =IFERROR(VLOOKUP(F3,Setup!B:C,2,FALSE),"") -> 10mbps | H3: =IFERROR(VLOOKUP(G3,Setup!C:D,2,FALSE),"") -> 100000
B4: 2 | C4: =IF(D4="","",LEFT(SUBSTITUTE(UPPER(E4)," ",""),3)&"-"&TEXT(B4,"000")) -> BLI-002 | D4: BEDENG@BANANA | E4: BLIMBINGSARI | F4: 10 | G4: =IFERROR(VLOOKUP(F4,Setup!B:C,2,FALSE),"") -> 10mbps | H4: =IFERROR(VLOOKUP(G4,Setup!C:D,2,FALSE),"") -> 100000
B5: 3 | C5: =IF(D5="","",LEFT(SUBSTITUTE(UPPER(E5)," ",""),3)&"-"&TEXT(B5,"000")) -> BLI-003 | D5: DITA@NOK | E5: BLIMBINGSARI | F5: 10 | G5: =IFERROR(VLOOKUP(F5,Setup!B:C,2,FALSE),"") -> 10mbps | H5: =IFERROR(VLOOKUP(G5,Setup!C:D,2,FALSE),"") -> 100000
B6: 4 | C6: =IF(D6="","",LEFT(SUBSTITUTE(UPPER(E6)," ",""),3)&"-"&TEXT(B6,"000")) -> BLI-004 | D6: FIKRISEI | E6: BLIMBINGSARI | F6: 10 | G6: =IFERROR(VLOOKUP(F6,Setup!B:C,2,FALSE),"") -> 10mbps | H6: =IFERROR(VLOOKUP(G6,Setup!C:D,2,FALSE),"") -> 100000
B7: 5 | C7: =IF(D7="","",LEFT(SUBSTITUTE(UPPER(E7)," ",""),3)&"-"&TEXT(B7,"000")) -> BLI-005 | D7: MISTARA@YONO | E7: BLIMBINGSARI | F7: 10 | G7: =IFERROR(VLOOKUP(F7,Setup!B:C,2,FALSE),"") -> 10mbps | H7: =IFERROR(VLOOKUP(G7,Setup!C:D,2,FALSE),"") -> 100000
B8: 6 | C8: =IF(D8="","",LEFT(SUBSTITUTE(UPPER(E8)," ",""),3)&"-"&TEXT(B8,"000")) -> BLI-006 | D8: NAFIZ@MI | E8: BLIMBINGSARI | F8: 10 | G8: =IFERROR(VLOOKUP(F8,Setup!B:C,2,FALSE),"") -> 10mbps | H8: =IFERROR(VLOOKUP(G8,Setup!C:D,2,FALSE),"") -> 100000
B9: 7 | C9: =IF(D9="","",LEFT(SUBSTITUTE(UPPER(E9)," ",""),3)&"-"&TEXT(B9,"000")) -> BLI-007 | D9: PETRUK | E9: BLIMBINGSARI | F9: 10 | G9: =IFERROR(VLOOKUP(F9,Setup!B:C,2,FALSE),"") -> 10mbps | H9: =IFERROR(VLOOKUP(G9,Setup!C:D,2,FALSE),"") -> 100000
B10: 8 | C10: =IF(D10="","",LEFT(SUBSTITUTE(UPPER(E10)," ",""),3)&"-"&TEXT(B10,"000")) -> BLI-008 | D10: SABU | E10: BLIMBINGSARI | F10: 10 | G10: =IFERROR(VLOOKUP(F10,Setup!B:C,2,FALSE),"") -> 10mbps | H10: =IFERROR(VLOOKUP(G10,Setup!C:D,2,FALSE),"") -> 100000
B11: 9 | C11: =IF(D11="","",LEFT(SUBSTITUTE(UPPER(E11)," ",""),3)&"-"&TEXT(B11,"000")) -> BLI-009 | D11: SAROH@ANDIK | E11: BLIMBINGSARI | F11: 10 | G11: =IFERROR(VLOOKUP(F11,Setup!B:C,2,FALSE),"") -> 10mbps | H11: =IFERROR(VLOOKUP(G11,Setup!C:D,2,FALSE),"") -> 100000
B12: 10 | C12: =IF(D12="","",LEFT(SUBSTITUTE(UPPER(E12)," ",""),3)&"-"&TEXT(B12,"000")) -> BLI-010 | D12: SUNARYU | E12: BLIMBINGSARI | F12: 10 | G12: =IFERROR(VLOOKUP(F12,Setup!B:C,2,FALSE),"") -> 10mbps | H12: =IFERROR(VLOOKUP(G12,Setup!C:D,2,FALSE),"") -> 100000
B13: 11 | C13: =IF(D13="","",LEFT(SUBSTITUTE(UPPER(E13)," ",""),3)&"-"&TEXT(B13,"000")) -> BLI-011 | D13: lia muji | E13: BLIMBINGSARI | F13: 10 | G13: =IFERROR(VLOOKUP(F13,Setup!B:C,2,FALSE),"") -> 10mbps | H13: =IFERROR(VLOOKUP(G13,Setup!C:D,2,FALSE),"") -> 100000
B14: 12 | C14: =IF(D14="","",LEFT(SUBSTITUTE(UPPER(E14)," ",""),3)&"-"&TEXT(B14,"000")) -> BLI-012 | D14: YUSUF | E14: BLIMBINGSARI | F14: 10 | G14: =IFERROR(VLOOKUP(F14,Setup!B:C,2,FALSE),"") -> 10mbps | H14: =IFERROR(VLOOKUP(G14,Setup!C:D,2,FALSE),"") -> 100000
B15: 13 | C15: =IF(D15="","",LEFT(SUBSTITUTE(UPPER(E15)," ",""),3)&"-"&TEXT(B15,"000")) -> BLI-013 | D15: elisha | E15: BLIMBINGSARI | F15: 10 | G15: =IFERROR(VLOOKUP(F15,Setup!B:C,2,FALSE),"") -> 10mbps | H15: =IFERROR(VLOOKUP(G15,Setup!C:D,2,FALSE),"") -> 100000
B16: 14 | C16: =IF(D16="","",LEFT(SUBSTITUTE(UPPER(E16)," ",""),3)&"-"&TEXT(B16,"000")) -> BLI-014 | D16: SANTI | E16: BLIMBINGSARI | F16: 10 | G16: =IFERROR(VLOOKUP(F16,Setup!B:C,2,FALSE),"") -> 10mbps | H16: 50000
B17: 15 | C17: =IF(D17="","",LEFT(SUBSTITUTE(UPPER(E17)," ",""),3)&"-"&TEXT(B17,"000")) -> BLI-015 | D17: ROMI | E17: BLIMBINGSARI | F17: 10 | G17: =IFERROR(VLOOKUP(F17,Setup!B:C,2,FALSE),"") -> 10mbps | H17: 50000
B18: 16 | C18: =IF(D18="","",LEFT(SUBSTITUTE(UPPER(E18)," ",""),3)&"-"&TEXT(B18,"000")) -> BLI-016 | D18: MI@SUNANGIRI | E18: BLIMBINGSARI | F18: 10 | G18: =IFERROR(VLOOKUP(F18,Setup!B:C,2,FALSE),"") -> 10mbps | H18: 50000
B19: 17 | C19: =IF(D19="","",LEFT(SUBSTITUTE(UPPER(E19)," ",""),3)&"-"&TEXT(B19,"000")) -> BLI-017 | D19: MES@BANANA | E19: BLIMBINGSARI | F19: 10 | G19: =IFERROR(VLOOKUP(F19,Setup!B:C,2,FALSE),"") -> 10mbps | H19: =IFERROR(VLOOKUP(G19,Setup!C:D,2,FALSE),"") -> 100000
B20: 18 | C20: =IF(D20="","",LEFT(SUBSTITUTE(UPPER(E20)," ",""),3)&"-"&TEXT(B20,"000")) -> BLI-018 | D20: MES@BMT | E20: BLIMBINGSARI | F20: 10 | G20: =IFERROR(VLOOKUP(F20,Setup!B:C,2,FALSE),"") -> 10mbps | H20: =IFERROR(VLOOKUP(G20,Setup!C:D,2,FALSE),"") -> 100000
B21: 19 | C21: =IF(D21="","",LEFT(SUBSTITUTE(UPPER(E21)," ",""),3)&"-"&TEXT(B21,"000")) -> IDI-019 | D21: AKBARR | E21: IDINAN | F21: 10 | G21: =IFERROR(VLOOKUP(F21,Setup!B:C,2,FALSE),"") -> 10mbps | H21: =IFERROR(VLOOKUP(G21,Setup!C:D,2,FALSE),"") -> 100000
B22: 20 | C22: =IF(D22="","",LEFT(SUBSTITUTE(UPPER(E22)," ",""),3)&"-"&TEXT(B22,"000")) -> IDI-020 | D22: AKSORO | E22: IDINAN | F22: 10 | G22: =IFERROR(VLOOKUP(F22,Setup!B:C,2,FALSE),"") -> 10mbps | H22: =IFERROR(VLOOKUP(G22,Setup!C:D,2,FALSE),"") -> 100000
B23: 21 | C23: =IF(D23="","",LEFT(SUBSTITUTE(UPPER(E23)," ",""),3)&"-"&TEXT(B23,"000")) -> IDI-021 | D23: ALFI@SUN ( TERUSAN ) blimbing | E23: IDINAN | F23: 10 | G23: =IFERROR(VLOOKUP(F23,Setup!B:C,2,FALSE),"") -> 10mbps | H23: =IFERROR(VLOOKUP(G23,Setup!C:D,2,FALSE),"") -> 100000
B24: 22 | C24: =IF(D24="","",LEFT(SUBSTITUTE(UPPER(E24)," ",""),3)&"-"&TEXT(B24,"000")) -> IDI-022 | D24: ASIS | E24: IDINAN | F24: 10 | G24: =IFERROR(VLOOKUP(F24,Setup!B:C,2,FALSE),"") -> 10mbps | H24: =IFERROR(VLOOKUP(G24,Setup!C:D,2,FALSE),"") -> 100000
B25: 23 | C25: =IF(D25="","",LEFT(SUBSTITUTE(UPPER(E25)," ",""),3)&"-"&TEXT(B25,"000")) -> IDI-023 | D25: AYULESTARI | E25: IDINAN | F25: 10 | G25: =IFERROR(VLOOKUP(F25,Setup!B:C,2,FALSE),"") -> 10mbps | H25: =IFERROR(VLOOKUP(G25,Setup!C:D,2,FALSE),"") -> 100000
B26: 24 | C26: =IF(D26="","",LEFT(SUBSTITUTE(UPPER(E26)," ",""),3)&"-"&TEXT(B26,"000")) -> IDI-024 | D26: ELOK | E26: IDINAN | F26: 10 | G26: =IFERROR(VLOOKUP(F26,Setup!B:C,2,FALSE),"") -> 10mbps | H26: =IFERROR(VLOOKUP(G26,Setup!C:D,2,FALSE),"") -> 100000
B27: 25 | C27: =IF(D27="","",LEFT(SUBSTITUTE(UPPER(E27)," ",""),3)&"-"&TEXT(B27,"000")) -> IDI-025 | D27: FATUR | E27: IDINAN | F27: 10 | G27: =IFERROR(VLOOKUP(F27,Setup!B:C,2,FALSE),"") -> 10mbps | H27: =IFERROR(VLOOKUP(G27,Setup!C:D,2,FALSE),"") -> 100000
B28: 26 | C28: =IF(D28="","",LEFT(SUBSTITUTE(UPPER(E28)," ",""),3)&"-"&TEXT(B28,"000")) -> IDI-026 | D28: FIRMAN@SUPENOK | E28: IDINAN | F28: 10 | G28: =IFERROR(VLOOKUP(F28,Setup!B:C,2,FALSE),"") -> 10mbps | H28: =IFERROR(VLOOKUP(G28,Setup!C:D,2,FALSE),"") -> 100000
B29: 27 | C29: =IF(D29="","",LEFT(SUBSTITUTE(UPPER(E29)," ",""),3)&"-"&TEXT(B29,"000")) -> IDI-027 | D29: HENDI@ULWIYA | E29: IDINAN | F29: 10 | G29: =IFERROR(VLOOKUP(F29,Setup!B:C,2,FALSE),"") -> 10mbps | H29: =IFERROR(VLOOKUP(G29,Setup!C:D,2,FALSE),"") -> 100000
B30: 28 | C30: =IF(D30="","",LEFT(SUBSTITUTE(UPPER(E30)," ",""),3)&"-"&TEXT(B30,"000")) -> IDI-028 | D30: HOLIK | E30: IDINAN | F30: 10 | G30: =IFERROR(VLOOKUP(F30,Setup!B:C,2,FALSE),"") -> 10mbps | H30: =IFERROR(VLOOKUP(G30,Setup!C:D,2,FALSE),"") -> 100000
... B57: 55 | C57: =IF(D57="","",LEFT(SUBSTITUTE(UPPER(E57)," ",""),3)&"-"&TEXT(B57,"000")) -> IDI-055 | D57: ILHAM | E57: IDINAN | F57: 10 | G57: =IFERROR(VLOOKUP(F57,Setup!B:C,2,FALSE),"") -> 10mbps | H57: =IFERROR(VLOOKUP(G57,Setup!C:D,2,FALSE),"") -> 100000
B58: 56 | C58: =IF(D58="","",LEFT(SUBSTITUTE(UPPER(E58)," ",""),3)&"-"&TEXT(B58,"000")) -> IDI-056 | D58: ZEA | E58: IDINAN | F58: 20 | G58: =IFERROR(VLOOKUP(F58,Setup!B:C,2,FALSE),"") -> 20mbps | H58: 150000
B59: 57 | C59: =IF(D59="","",LEFT(SUBSTITUTE(UPPER(E59)," ",""),3)&"-"&TEXT(B59,"000")) -> IDI-057 | D59: SRI meca | E59: IDINAN | F59: 10 | G59: =IFERROR(VLOOKUP(F59,Setup!B:C,2,FALSE),"") -> 10mbps | H59: 50000
B60: 58 | C60: =IF(D60="","",LEFT(SUBSTITUTE(UPPER(E60)," ",""),3)&"-"&TEXT(B60,"000")) -> IDI-058 | D60: FAISOL | E60: IDINAN | F60: 10 | G60: =IFERROR(VLOOKUP(F60,Setup!B:C,2,FALSE),"") -> 10mbps | H60: 50000
B61: 59 | C61: =IF(D61="","",LEFT(SUBSTITUTE(UPPER(E61)," ",""),3)&"-"&TEXT(B61,"000")) -> IDI-059 | D61: JUNAIDI | E61: IDINAN | F61: 10 | G61: =IFERROR(VLOOKUP(F61,Setup!B:C,2,FALSE),"") -> 10mbps | H61: 50000
B62: 60 | C62: =IF(D62="","",LEFT(SUBSTITUTE(UPPER(E62)," ",""),3)&"-"&TEXT(B62,"000")) -> IDI-060 | D62: KOM | E62: IDINAN | F62: 10 | G62: =IFERROR(VLOOKUP(F62,Setup!B:C,2,FALSE),"") -> 10mbps | H62: 75000
B63: 61 | C63: =IF(D63="","",LEFT(SUBSTITUTE(UPPER(E63)," ",""),3)&"-"&TEXT(B63,"000")) -> IDI-061 | D63: ARIP@AYUK | E63: IDINAN | F63: 10 | G63: =IFERROR(VLOOKUP(F63,Setup!B:C,2,FALSE),"") -> 10mbps | H63: =IFERROR(VLOOKUP(G63,Setup!C:D,2,FALSE),"") -> 100000
B64: 62 | C64: =IF(D64="","",LEFT(SUBSTITUTE(UPPER(E64)," ",""),3)&"-"&TEXT(B64,"000")) -> IDI-062 | D64: DAYAT@BENGKEL | E64: IDINAN | F64: 10 | G64: =IFERROR(VLOOKUP(F64,Setup!B:C,2,FALSE),"") -> 10mbps | H64: =IFERROR(VLOOKUP(G64,Setup!C:D,2,FALSE),"") -> 100000
B65: 63 | C65: =IF(D65="","",LEFT(SUBSTITUTE(UPPER(E65)," ",""),3)&"-"&TEXT(B65,"000")) -> IDI-063 | D65: ANGGA@ANIS | E65: IDINAN | F65: 10 | G65: =IFERROR(VLOOKUP(F65,Setup!B:C,2,FALSE),"") -> 10mbps | H65: =IFERROR(VLOOKUP(G65,Setup!C:D,2,FALSE),"") -> 100000
B66: 64 | C66: =IF(D66="","",LEFT(SUBSTITUTE(UPPER(E66)," ",""),3)&"-"&TEXT(B66,"000")) -> TAN-064 | D66: ANJAS | E66: TANAH LOS | F66: 10 | G66: =IFERROR(VLOOKUP(F66,Setup!B:C,2,FALSE),"") -> 10mbps | H66: =IFERROR(VLOOKUP(G66,Setup!C:D,2,FALSE),"") -> 100000
B67: 65 | C67: =IF(D67="","",LEFT(SUBSTITUTE(UPPER(E67)," ",""),3)&"-"&TEXT(B67,"000")) -> TAN-065 | D67: ALIP@BINTANG | E67: TANAH LOS | F67: 10 | G67: =IFERROR(VLOOKUP(F67,Setup!B:C,2,FALSE),"") -> 10mbps | H67: =IFERROR(VLOOKUP(G67,Setup!C:D,2,FALSE),"") -> 100000
B68: 66 | C68: =IF(D68="","",LEFT(SUBSTITUTE(UPPER(E68)," ",""),3)&"-"&TEXT(B68,"000")) -> TAN-066 | D68: ANA@HAR | E68: TANAH LOS | F68: 10 | G68: =IFERROR(VLOOKUP(F68,Setup!B:C,2,FALSE),"") -> 10mbps | H68: =IFERROR(VLOOKUP(G68,Setup!C:D,2,FALSE),"") -> 100000
B69: 67 | C69: =IF(D69="","",LEFT(SUBSTITUTE(UPPER(E69)," ",""),3)&"-"&TEXT(B69,"000")) -> TAN-067 | D69: BINDERE@IMAM | E69: TANAH LOS | F69: 10 | G69: =IFERROR(VLOOKUP(F69,Setup!B:C,2,FALSE),"") -> 10mbps | H69: =IFERROR(VLOOKUP(G69,Setup!C:D,2,FALSE),"") -> 100000
B70: 68 | C70: =IF(D70="","",LEFT(SUBSTITUTE(UPPER(E70)," ",""),3)&"-"&TEXT(B70,"000")) -> TAN-068 | D70: DAPIT JOKO / dampit | E70: TANAH LOS | F70: 10 | G70: =IFERROR(VLOOKUP(F70,Setup!B:C,2,FALSE),"") -> 10mbps | H70: =IFERROR(VLOOKUP(G70,Setup!C:D,2,FALSE),"") -> 100000
B71: 69 | C71: =IF(D71="","",LEFT(SUBSTITUTE(UPPER(E71)," ",""),3)&"-"&TEXT(B71,"000")) -> TAN-069 | D71: DIKI@HELMI | E71: TANAH LOS | F71: 10 | G71: =IFERROR(VLOOKUP(F71,Setup!B:C,2,FALSE),"") -> 10mbps | H71: =IFERROR(VLOOKUP(G71,Setup!C:D,2,FALSE),"") -> 100000
B72: 70 | C72: =IF(D72="","",LEFT(SUBSTITUTE(UPPER(E72)," ",""),3)&"-"&TEXT(B72,"000")) -> TAN-070 | D72: selamet dinda / ima | E72: TANAH LOS | F72: 10 | G72: =IFERROR(VLOOKUP(F72,Setup!B:C,2,FALSE),"") -> 10mbps | H72: =IFERROR(VLOOKUP(G72,Setup!C:D,2,FALSE),"") -> 100000
B73: 71 | C73: =IF(D73="","",LEFT(SUBSTITUTE(UPPER(E73)," ",""),3)&"-"&TEXT(B73,"000")) -> TAN-071 | D73: EROL@DEWI | E73: TANAH LOS | F73: 10 | G73: =IFERROR(VLOOKUP(F73,Setup!B:C,2,FALSE),"") -> 10mbps | H73: =IFERROR(VLOOKUP(G73,Setup!C:D,2,FALSE),"") -> 100000
B74: 72 | C74: =IF(D74="","",LEFT(SUBSTITUTE(UPPER(E74)," ",""),3)&"-"&TEXT(B74,"000")) -> TAN-072 | D74: HARIYANTO@LIRA | E74: TANAH LOS | F74: 10 | G74: =IFERROR(VLOOKUP(F74,Setup!B:C,2,FALSE),"") -> 10mbps | H74: =IFERROR(VLOOKUP(G74,Setup!C:D,2,FALSE),"") -> 100000
... B180: 178 | C180: =IF(D180="","",LEFT(SUBSTITUTE(UPPER(E180)," ",""),3)&"-"&TEXT(B180,"000")) -> JAM-178 | D180: ijen garden | E180: jambu | F180: 10 | G180: =IFERROR(VLOOKUP(F180,Setup!B:C,2,FALSE),"") -> 10mbps | H180: =IFERROR(VLOOKUP(G180,Setup!C:D,2,FALSE),"") -> 100000
B181: 179 | C181: =IF(D181="","",LEFT(SUBSTITUTE(UPPER(E181)," ",""),3)&"-"&TEXT(B181,"000")) -> JAM-179 | D181: MASMUL | E181: JAMBU | F181: 10 | G181: =IFERROR(VLOOKUP(F181,Setup!B:C,2,FALSE),"") -> 10mbps | H181: 50000
B182: 180 | C182: =IF(D182="","",LEFT(SUBSTITUTE(UPPER(E182)," ",""),3)&"-"&TEXT(B182,"000")) -> JAM-180 | D182: UUT@DAVA | E182: JAMBU | F182: 10 | G182: =IFERROR(VLOOKUP(F182,Setup!B:C,2,FALSE),"") -> 10mbps | H182: 50000
B183: 181 | C183: =IF(D183="","",LEFT(SUBSTITUTE(UPPER(E183)," ",""),3)&"-"&TEXT(B183,"000")) -> JAM-181 | D183: KORAMIL | E183: JAMBU | F183: 10 | G183: =IFERROR(VLOOKUP(F183,Setup!B:C,2,FALSE),"") -> 10mbps | H183: 50000
B184: 182 | C184: =IF(D184="","",LEFT(SUBSTITUTE(UPPER(E184)," ",""),3)&"-"&TEXT(B184,"000")) -> JAM-182 | D184: IPULLRT | E184: JAMBU | F184: 10 | G184: =IFERROR(VLOOKUP(F184,Setup!B:C,2,FALSE),"") -> 10mbps | H184: 75000
B185: 183 | C185: =IF(D185="","",LEFT(SUBSTITUTE(UPPER(E185)," ",""),3)&"-"&TEXT(B185,"000")) -> JAM-183 | D185: JAMBU@MERAH ( bik watik ) | E185: JAMBU | F185: 10 | G185: =IFERROR(VLOOKUP(F185,Setup!B:C,2,FALSE),"") -> 10mbps | H185: 90000
B186: 184 | C186: =IF(D186="","",LEFT(SUBSTITUTE(UPPER(E186)," ",""),3)&"-"&TEXT(B186,"000")) -> JAM-184 | D186: villa lidjen | E186: JAMBU | F186: 20 | G186: =IFERROR(VLOOKUP(F186,Setup!B:C,2,FALSE),"") -> 20mbps | H186: =IFERROR(VLOOKUP(G186,Setup!C:D,2,FALSE),"") -> 200000
B187: 185 | C187: =IF(D187="","",LEFT(SUBSTITUTE(UPPER(E187)," ",""),3)&"-"&TEXT(B187,"000")) -> JAM-185 | D187: andi kader | E187: JAMBU | F187: 10 | G187: =IFERROR(VLOOKUP(F187,Setup!B:C,2,FALSE),"") -> 10mbps | H187: =IFERROR(VLOOKUP(G187,Setup!C:D,2,FALSE),"") -> 100000
B188: 186 | C188: =IF(D188="","",LEFT(SUBSTITUTE(UPPER(E188)," ",""),3)&"-"&TEXT(B188,"000")) -> JAM-186 | D188: elhan/ kurik | E188: JAMBU | F188: 10 | G188: =IFERROR(VLOOKUP(F188,Setup!B:C,2,FALSE),"") -> 10mbps | H188: =IFERROR(VLOOKUP(G188,Setup!C:D,2,FALSE),"") -> 100000
B189: 187 | C189: =IF(D189="","",LEFT(SUBSTITUTE(UPPER(E189)," ",""),3)&"-"&TEXT(B189,"000")) -> JAM-187 | D189: pos tiket | E189: JAMBU | F189: 10 | G189: =IFERROR(VLOOKUP(F189,Setup!B:C,2,FALSE),"") -> 10mbps | H189: =IFERROR(VLOOKUP(G189,Setup!C:D,2,FALSE),"") -> 100000
B190: 188 | C190: =IF(D190="","",LEFT(SUBSTITUTE(UPPER(E190)," ",""),3)&"-"&TEXT(B190,"000")) -> JAM-188 | D190: WARUNG@OSENG / bumdes | E190: JAMBU | F190: 20 | G190: =IFERROR(VLOOKUP(F190,Setup!B:C,2,FALSE),"") -> 20mbps | H190: =IFERROR(VLOOKUP(G190,Setup!C:D,2,FALSE),"") -> 200000
B191: 189 | C191: =IF(D191="","",LEFT(SUBSTITUTE(UPPER(E191)," ",""),3)&"-"&TEXT(B191,"000")) -> JAM-189 | D191: LURAH | E191: JAMBU | F191: 10 | G191: =IFERROR(VLOOKUP(F191,Setup!B:C,2,FALSE),"") -> 10mbps | H191: =IFERROR(VLOOKUP(G191,Setup!C:D,2,FALSE),"") -> 100000
B192: 190 | C192: =IF(D192="","",LEFT(SUBSTITUTE(UPPER(E192)," ",""),3)&"-"&TEXT(B192,"000")) -> JAM-190 | D192: FATHAN | E192: JAMBU | F192: 10 | G192: =IFERROR(VLOOKUP(F192,Setup!B:C,2,FALSE),"") -> 10mbps | H192: 75000
B193: 191 | C193: =IF(D193="","",LEFT(SUBSTITUTE(UPPER(E193)," ",""),3)&"-"&TEXT(B193,"000")) -> JAM-191 | D193: BUDI@TJ | E193: JAMBU | F193: 10 | G193: =IFERROR(VLOOKUP(F193,Setup!B:C,2,FALSE),"") -> 10mbps | H193: =IFERROR(VLOOKUP(G193,Setup!C:D,2,FALSE),"") -> 100000
B194: 192 | C194: =IF(D194="","",LEFT(SUBSTITUTE(UPPER(E194)," ",""),3)&"-"&TEXT(B194,"000")) -> JAM-192 | D194: DEOMAH@OSENG | E194: JAMBU | F194: 10 | G194: =IFERROR(VLOOKUP(F194,Setup!B:C,2,FALSE),"") -> 10mbps | H194: =IFERROR(VLOOKUP(G194,Setup!C:D,2,FALSE),"") -> 100000
B195: 193 | C195: =IF(D195="","",LEFT(SUBSTITUTE(UPPER(E195)," ",""),3)&"-"&TEXT(B195,"000")) -> JAM-193 | D195: AROMATIKA | E195: JAMBU | F195: 10 | G195: =IFERROR(VLOOKUP(F195,Setup!B:C,2,FALSE),"") -> 10mbps | H195: =IFERROR(VLOOKUP(G195,Setup!C:D,2,FALSE),"") -> 100000
B196: 194 | C196: =IF(D196="","",LEFT(SUBSTITUTE(UPPER(E196)," ",""),3)&"-"&TEXT(B196,"000")) -> JAM-194 | D196: P.YANI | E196: JAMBU | F196: 10 | G196: =IFERROR(VLOOKUP(F196,Setup!B:C,2,FALSE),"") -> 10mbps | H196: =IFERROR(VLOOKUP(G196,Setup!C:D,2,FALSE),"") -> 100000
B197: 195 | C197: =IF(D197="","",LEFT(SUBSTITUTE(UPPER(E197)," ",""),3)&"-"&TEXT(B197,"000")) -> JAM-195 | D197: PELANGI | E197: JAMBU | F197: 10 | G197: =IFERROR(VLOOKUP(F197,Setup!B:C,2,FALSE),"") -> 10mbps | H197: =IFERROR(VLOOKUP(G197,Setup!C:D,2,FALSE),"") -> 100000
B198: 196 | C198: =IF(D198="","",LEFT(SUBSTITUTE(UPPER(E198)," ",""),3)&"-"&TEXT(B198,"000")) -> JAM-196 | D198: SDN4 | E198: JAMBU | F198: 20 | G198: =IFERROR(VLOOKUP(F198,Setup!B:C,2,FALSE),"") -> 20mbps | H198: 150000
B199: 197 | C199: =IF(D199="","",LEFT(SUBSTITUTE(UPPER(E199)," ",""),3)&"-"&TEXT(B199,"000")) -> JAM-197 | D199: SUNOTOK | E199: JAMBU | F199: 10 | G199: =IFERROR(VLOOKUP(F199,Setup!B:C,2,FALSE),"") -> 10mbps | H199: 75000
B200: 198 | C200: =IF(D200="","",LEFT(SUBSTITUTE(UPPER(E200)," ",""),3)&"-"&TEXT(B200,"000")) -> JAM-198 | D200: TOLAK HOMESTAY | E200: JAMBU | F200: 10 | G200: =IFERROR(VLOOKUP(F200,Setup!B:C,2,FALSE),"") -> 10mbps | H200: =IFERROR(VLOOKUP(G200,Setup!C:D,2,FALSE),"") -> 100000
B201: 199 | C201: =IF(D201="","",LEFT(SUBSTITUTE(UPPER(E201)," ",""),3)&"-"&TEXT(B201,"000")) -> JAM-199 | D201: UYUNG@BUGURU | E201: JAMBU | F201: 10 | G201: =IFERROR(VLOOKUP(F201,Setup!B:C,2,FALSE),"") -> 10mbps | H201: =IFERROR(VLOOKUP(G201,Setup!C:D,2,FALSE),"") -> 100000
B202: 200 | C202: =IF(D202="","",LEFT(SUBSTITUTE(UPPER(E202)," ",""),3)&"-"&TEXT(B202,"000")) -> JAM-200 | D202: SUYONO/ susiyono | E202: JAMBU | F202: 10 | G202: =IFERROR(VLOOKUP(F202,Setup!B:C,2,FALSE),"") -> 10mbps | H202: 75000
B203: 201 | C203: =IF(D203="","",LEFT(SUBSTITUTE(UPPER(E203)," ",""),3)&"-"&TEXT(B203,"000")) -> JAM-201 | D203: OOT@JIDAN | E203: JAMBU | F203: 10 | G203: =IFERROR(VLOOKUP(F203,Setup!B:C,2,FALSE),"") -> 10mbps | H203: =IFERROR(VLOOKUP(G203,Setup!C:D,2,FALSE),"") -> 100000
B204: 202 | C204: =IF(D204="","",LEFT(SUBSTITUTE(UPPER(E204)," ",""),3)&"-"&TEXT(B204,"000")) -> JAM-202 | D204: nurul bu guru | E204: JAMBU | F204: 20 | G204: =IFERROR(VLOOKUP(F204,Setup!B:C,2,FALSE),"") -> 20mbps | H204: =IFERROR(VLOOKUP(G204,Setup!C:D,2,FALSE),"") -> 200000
B205: 203 | C205: =IF(D205="","",LEFT(SUBSTITUTE(UPPER(E205)," ",""),3)&"-"&TEXT(B205,"000")) -> JAM-203 | D205: FANI@LEO | E205: JAMBU | F205: 10 | G205: =IFERROR(VLOOKUP(F205,Setup!B:C,2,FALSE),"") -> 10mbps | H205: free
B206: 204 | C206: =IF(D206="","",LEFT(SUBSTITUTE(UPPER(E206)," ",""),3)&"-"&TEXT(B206,"000")) -> JAM-204 | D206: MAKMUM@KASUN | E206: JAMBU | F206: 10 | G206: =IFERROR(VLOOKUP(F206,Setup!B:C,2,FALSE),"") -> 10mbps | H206: free
B207: 205 | C207: =IF(D207="","",LEFT(SUBSTITUTE(UPPER(E207)," ",""),3)&"-"&TEXT(B207,"000")) -> KAL-205 | D207: HENI@TEKNISI | E207: KALONGAN | F207: 10 | G207: =IFERROR(VLOOKUP(F207,Setup!B:C,2,FALSE),"") -> 10mbps | H207: free
B208: 206 | C208: =IF(D208="","",LEFT(SUBSTITUTE(UPPER(E208)," ",""),3)&"-"&TEXT(B208,"000")) -> JAM-206 | D208: ALAMIEN (FREE) | E208: JAMBU | F208: 10 | G208: =IFERROR(VLOOKUP(F208,Setup!B:C,2,FALSE),"") -> 10mbps | H208: free
B209: 207 | C209: =IF(D209="","",LEFT(SUBSTITUTE(UPPER(E209)," ",""),3)&"-"&TEXT(B209,"000")) -> JAM-207 | D209: ucik@iyon | E209: JAMBU | F209: 10 | G209: =IFERROR(VLOOKUP(F209,Setup!B:C,2,FALSE),"") -> 10mbps | H209: =IFERROR(VLOOKUP(G209,Setup!C:D,2,FALSE),"") -> 100000
B210: 208 | C210: =IF(D210="","",LEFT(SUBSTITUTE(UPPER(E210)," ",""),3)&"-"&TEXT(B210,"000")) -> AMP-208 | D210: ADIT | E210: AMPELGADING | F210: 10 | G210: =IFERROR(VLOOKUP(F210,Setup!B:C,2,FALSE),"") -> 10mbps | H210: =IFERROR(VLOOKUP(G210,Setup!C:D,2,FALSE),"") -> 100000
B211: 209 | C211: =IF(D211="","",LEFT(SUBSTITUTE(UPPER(E211)," ",""),3)&"-"&TEXT(B211,"000")) -> AMP-209 | D211: ANDIKO | E211: AMPELGADING | F211: 10 | G211: =IFERROR(VLOOKUP(F211,Setup!B:C,2,FALSE),"") -> 10mbps | H211: =IFERROR(VLOOKUP(G211,Setup!C:D,2,FALSE),"") -> 100000
B212: 210 | C212: =IF(D212="","",LEFT(SUBSTITUTE(UPPER(E212)," ",""),3)&"-"&TEXT(B212,"000")) -> AMP-210 | D212: B.IPUL | E212: AMPELGADING | F212: 10 | G212: =IFERROR(VLOOKUP(F212,Setup!B:C,2,FALSE),"") -> 10mbps | H212: =IFERROR(VLOOKUP(G212,Setup!C:D,2,FALSE),"") -> 100000
B213: 211 | C213: =IF(D213="","",LEFT(SUBSTITUTE(UPPER(E213)," ",""),3)&"-"&TEXT(B213,"000")) -> AMP-211 | D213: BINTANG | E213: AMPELGADING | F213: 10 | G213: =IFERROR(VLOOKUP(F213,Setup!B:C,2,FALSE),"") -> 10mbps | H213: =IFERROR(VLOOKUP(G213,Setup!C:D,2,FALSE),"") -> 100000
B214: 212 | C214: =IF(D214="","",LEFT(SUBSTITUTE(UPPER(E214)," ",""),3)&"-"&TEXT(B214,"000")) -> AMP-212 | D214: DIDIK@KEBUN | E214: AMPELGADING | F214: 10 | G214: =IFERROR(VLOOKUP(F214,Setup!B:C,2,FALSE),"") -> 10mbps | H214: =IFERROR(VLOOKUP(G214,Setup!C:D,2,FALSE),"") -> 100000
B215: 213 | C215: =IF(D215="","",LEFT(SUBSTITUTE(UPPER(E215)," ",""),3)&"-"&TEXT(B215,"000")) -> AMP-213 | D215: DYAN@SARI | E215: AMPELGADING | F215: 10 | G215: =IFERROR(VLOOKUP(F215,Setup!B:C,2,FALSE),"") -> 10mbps | H215: =IFERROR(VLOOKUP(G215,Setup!C:D,2,FALSE),"") -> 100000
B216: 214 | C216: =IF(D216="","",LEFT(SUBSTITUTE(UPPER(E216)," ",""),3)&"-"&TEXT(B216,"000")) -> AMP-214 | D216: FADIL | E216: AMPELGADING | F216: 10 | G216: =IFERROR(VLOOKUP(F216,Setup!B:C,2,FALSE),"") -> 10mbps | H216: =IFERROR(VLOOKUP(G216,Setup!C:D,2,FALSE),"") -> 100000
B217: 215 | C217: =IF(D217="","",LEFT(SUBSTITUTE(UPPER(E217)," ",""),3)&"-"&TEXT(B217,"000")) -> AMP-215 | D217: FAUJI | E217: AMPELGADING | F217: 10 | G217: =IFERROR(VLOOKUP(F217,Setup!B:C,2,FALSE),"") -> 10mbps | H217: =IFERROR(VLOOKUP(G217,Setup!C:D,2,FALSE),"") -> 100000
B218: 216 | C218: =IF(D218="","",LEFT(SUBSTITUTE(UPPER(E218)," ",""),3)&"-"&TEXT(B218,"000")) -> AMP-216 | D218: GIK@KAMBING | E218: AMPELGADING | F218: 10 | G218: =IFERROR(VLOOKUP(F218,Setup!B:C,2,FALSE),"") -> 10mbps | H218: =IFERROR(VLOOKUP(G218,Setup!C:D,2,FALSE),"") -> 100000
B219: 217 | C219: =IF(D219="","",LEFT(SUBSTITUTE(UPPER(E219)," ",""),3)&"-"&TEXT(B219,"000")) -> AMP-217 | D219: HERI@SOUND | E219: AMPELGADING | F219: 10 | G219: =IFERROR(VLOOKUP(F219,Setup!B:C,2,FALSE),"") -> 10mbps | H219: =IFERROR(VLOOKUP(G219,Setup!C:D,2,FALSE),"") -> 100000
B220: 218 | C220: =IF(D220="","",LEFT(SUBSTITUTE(UPPER(E220)," ",""),3)&"-"&TEXT(B220,"000")) -> AMP-218 | D220: HUDA | E220: AMPELGADING | F220: 10 | G220: =IFERROR(VLOOKUP(F220,Setup!B:C,2,FALSE),"") -> 10mbps | H220: =IFERROR(VLOOKUP(G220,Setup!C:D,2,FALSE),"") -> 100000
... B255: 253 | C255: =IF(D255="","",LEFT(SUBSTITUTE(UPPER(E255)," ",""),3)&"-"&TEXT(B255,"000")) -> PSA-253 | D255: SAHAMO@AZRIL | E255: PSARI | F255: 10 | G255: =IFERROR(VLOOKUP(F255,Setup!B:C,2,FALSE),"") -> 10mbps | H255: =IFERROR(VLOOKUP(G255,Setup!C:D,2,FALSE),"") -> 100000
B256: 254 | C256: =IF(D256="","",LEFT(SUBSTITUTE(UPPER(E256)," ",""),3)&"-"&TEXT(B256,"000")) -> AMP-254 | D256: nanik uus | E256: AMPELGADING | F256: 10 | G256: =IFERROR(VLOOKUP(F256,Setup!B:C,2,FALSE),"") -> 10mbps | H256: 75000
B257: 255 | C257: =IF(D257="","",LEFT(SUBSTITUTE(UPPER(E257)," ",""),3)&"-"&TEXT(B257,"000")) -> AMP-255 | D257: ALI | E257: AMPELGADING | F257: 10 | G257: =IFERROR(VLOOKUP(F257,Setup!B:C,2,FALSE),"") -> 10mbps | H257: 50000
B258: 256 | C258: =IF(D258="","",LEFT(SUBSTITUTE(UPPER(E258)," ",""),3)&"-"&TEXT(B258,"000")) -> AMP-256 | D258: NITA@AGUS | E258: AMPELGADING | F258: 10 | G258: =IFERROR(VLOOKUP(F258,Setup!B:C,2,FALSE),"") -> 10mbps | H258: 75000
B259: 257 | C259: =IF(D259="","",LEFT(SUBSTITUTE(UPPER(E259)," ",""),3)&"-"&TEXT(B259,"000")) -> AMP-257 | D259: TEGUH@SUM | E259: AMPELGADING | F259: 10 | G259: =IFERROR(VLOOKUP(F259,Setup!B:C,2,FALSE),"") -> 10mbps | H259: =IFERROR(VLOOKUP(G259,Setup!C:D,2,FALSE),"") -> 100000
B260: 258 | C260: =IF(D260="","",LEFT(SUBSTITUTE(UPPER(E260)," ",""),3)&"-"&TEXT(B260,"000")) -> AMP-258 | D260: ILYAS@TERMINAL | E260: AMPELGADING | F260: 10 | G260: =IFERROR(VLOOKUP(F260,Setup!B:C,2,FALSE),"") -> 10mbps | H260: =IFERROR(VLOOKUP(G260,Setup!C:D,2,FALSE),"") -> 100000
B261: 259 | C261: =IF(D261="","",LEFT(SUBSTITUTE(UPPER(E261)," ",""),3)&"-"&TEXT(B261,"000")) -> AMP-259 | D261: IRIL | E261: AMPELGADING | F261: 10 | G261: =IFERROR(VLOOKUP(F261,Setup!B:C,2,FALSE),"") -> 10mbps | H261: =IFERROR(VLOOKUP(G261,Setup!C:D,2,FALSE),"") -> 100000
B262: 260 | C262: =IF(D262="","",LEFT(SUBSTITUTE(UPPER(E262)," ",""),3)&"-"&TEXT(B262,"000")) -> AMP-260 | D262: WAWAN@ALEA | E262: AMPELGADING | F262: 10 | G262: =IFERROR(VLOOKUP(F262,Setup!B:C,2,FALSE),"") -> 10mbps | H262: =IFERROR(VLOOKUP(G262,Setup!C:D,2,FALSE),"") -> 100000
B263: 261 | C263: =IF(D263="","",LEFT(SUBSTITUTE(UPPER(E263)," ",""),3)&"-"&TEXT(B263,"000")) -> AMP-261 | D263: royalemart | E263: AMPELGADING | F263: 10 | G263: =IFERROR(VLOOKUP(F263,Setup!B:C,2,FALSE),"") -> 10mbps | H263: =IFERROR(VLOOKUP(G263,Setup!C:D,2,FALSE),"") -> 100000
B264: 262 | C264: =IF(D264="","",LEFT(SUBSTITUTE(UPPER(E264)," ",""),3)&"-"&TEXT(B264,"000")) -> PAN-262 | D264: YENI@PANGGANG | E264: PANGGANG | F264: 10 | G264: =IFERROR(VLOOKUP(F264,Setup!B:C,2,FALSE),"") -> 10mbps | H264: =IFERROR(VLOOKUP(G264,Setup!C:D,2,FALSE),"") -> 100000
B265: 263 | C265: =IF(D265="","",LEFT(SUBSTITUTE(UPPER(E265)," ",""),3)&"-"&TEXT(B265,"000")) -> PAN-263 | D265: YANTO | E265: PANGGANG | F265: 10 | G265: =IFERROR(VLOOKUP(F265,Setup!B:C,2,FALSE),"") -> 10mbps | H265: =IFERROR(VLOOKUP(G265,Setup!C:D,2,FALSE),"") -> 100000
...

Sheet Tagihan Pelanggan
B2: NO | C2: ID PELANGGAN | D2: NAMA PELANGGAN | E2: ALAMAT | F2: HARGA | G2: PEMBAYARAN | L2: KETERANGAN | M2: TAGIHAN BELUM LUNAS
G3: CASH | H3: BCA | I3: BRI | J3: MANDIRI | K3: BNI | M3: (RP) | N3: BULAN
B4: 1 | C4: =NamaPelanggan!C3 -> BLI-001 | D4: =NamaPelanggan!D3 -> BAIHAKI | E4: =NamaPelanggan!E3 -> BLIMBINGSARI | F4: =NamaPelanggan!H3 -> 100000 | I4: 100000 | L4: =IF(SUM(G4:K4)>0,"LUNAS","BELUM LUNAS") -> LUNAS
B5: 2 | C5: =NamaPelanggan!C4 -> BLI-002 | D5: =NamaPelanggan!D4 -> BEDENG@BANANA | E5: =NamaPelanggan!E4 -> BLIMBINGSARI | F5: =NamaPelanggan!H4 -> 100000 | I5: 100000 | L5: =IF(SUM(G5:K5)>0,"LUNAS","BELUM LUNAS") -> LUNAS | R5: =COUNTIF(L4:L601,"LUNAS") -> 413
B6: 3 | C6: =NamaPelanggan!C5 -> BLI-003 | D6: =NamaPelanggan!D5 -> DITA@NOK | E6: =NamaPelanggan!E5 -> BLIMBINGSARI | F6: =NamaPelanggan!H5 -> 100000 | I6: 100000 | L6: =IF(SUM(G6:K6)>0,"LUNAS","BELUM LUNAS") -> LUNAS | R6: =COUNTIF(L4:L601,"BELUM LUNAS") -> 85 | S6: 75
B7: 4 | C7: =NamaPelanggan!C6 -> BLI-004 | D7: =NamaPelanggan!D6 -> FIKRISEI | E7: =NamaPelanggan!E6 -> BLIMBINGSARI | F7: =NamaPelanggan!H6 -> 100000 | I7: 100000 | L7: =IF(SUM(G7:K7)>0,"LUNAS","BELUM LUNAS") -> LUNAS
B8: 5 | C8: =NamaPelanggan!C7 -> BLI-005 | D8: =NamaPelanggan!D7 -> MISTARA@YONO | E8: =NamaPelanggan!E7 -> BLIMBINGSARI | F8: =NamaPelanggan!H7 -> 100000 | I8: 100000 | L8: =IF(SUM(G8:K8)>0,"LUNAS","BELUM LUNAS") -> LUNAS
B9: 6 | C9: =NamaPelanggan!C8 -> BLI-006 | D9: =NamaPelanggan!D8 -> NAFIZ@MI | E9: =NamaPelanggan!E8 -> BLIMBINGSARI | F9: =NamaPelanggan!H8 -> 100000 | I9: 100000 | L9: =IF(SUM(G9:K9)>0,"LUNAS","BELUM LUNAS") -> LUNAS | Q9: NO | R9: ID PELANGGAN | S9: NAMA PELANGGAN | T9: ALAMAT | U9: TOTAL TAGIHAN
B10: 7 | C10: =NamaPelanggan!C9 -> BLI-007 | D10: =NamaPelanggan!D9 -> PETRUK | E10: =NamaPelanggan!E9 -> BLIMBINGSARI | F10: =NamaPelanggan!H9 -> 100000 | I10: 200000 | L10: =IF(SUM(G10:K10)>0,"LUNAS","BELUM LUNAS") -> LUNAS | Q10: 1 | R10: {=_xlfn._xlws.FILTER(C:C,L:L="BELUM LUNAS","")} -> BLI-013 | S10: {=_xlfn._xlws.FILTER(D:D,L:L="BELUM LUNAS","Tidak AdA")} -> elisha | T10: {=_xlfn._xlws.FILTER(E:E,L:L="BELUM LUNAS","")} -> BLIMBINGSARI | U10: {=_xlfn._xlws.FILTER(M$1:M$65536,L$1:L$65536="BELUM LUNAS","")} -> 100000
B11: 8 | C11: =NamaPelanggan!C10 -> BLI-008 | D11: =NamaPelanggan!D10 -> SABU | E11: =NamaPelanggan!E10 -> BLIMBINGSARI | F11: =NamaPelanggan!H10 -> 100000 | I11: 100000 | L11: =IF(SUM(G11:K11)>0,"LUNAS","BELUM LUNAS") -> LUNAS | Q11: 2 | R11: BLI-018 | S11: MES@BMT | T11: BLIMBINGSARI | U11: 100000
B12: 9 | C12: =NamaPelanggan!C11 -> BLI-009 | D12: =NamaPelanggan!D11 -> SAROH@ANDIK | E12: =NamaPelanggan!E11 -> BLIMBINGSARI | F12: =NamaPelanggan!H11 -> 100000 | I12: 100000 | L12: =IF(SUM(G12:K12)>0,"LUNAS","BELUM LUNAS") -> LUNAS | Q12: 3 | R12: IDI-024 | S12: ELOK | T12: IDINAN | U12: 100000
B13: 10 | C13: =NamaPelanggan!C12 -> BLI-010 | D13: =NamaPelanggan!D12 -> SUNARYU | E13: =NamaPelanggan!E12 -> BLIMBINGSARI | F13: =NamaPelanggan!H12 -> 100000 | I13: 100000 | L13: =IF(SUM(G13:K13)>0,"LUNAS","BELUM LUNAS") -> LUNAS | Q13: 4 | R13: IDI-027 | S13: HENDI@ULWIYA | T13: IDINAN | U13: 100000
B14: 11 | C14: =NamaPelanggan!C13 -> BLI-011 | D14: =NamaPelanggan!D13 -> lia muji | E14: =NamaPelanggan!E13 -> BLIMBINGSARI | F14: =NamaPelanggan!H13 -> 100000 | I14: 200000 | L14: =IF(SUM(G14:K14)>0,"LUNAS","BELUM LUNAS") -> LUNAS | Q14: 5 | R14: IDI-028 | S14: HOLIK | T14: IDINAN | U14: 100000
B15: 12 | C15: =NamaPelanggan!C14 -> BLI-012 | D15: =NamaPelanggan!D14 -> YUSUF | E15: =NamaPelanggan!E14 -> BLIMBINGSARI | F15: =NamaPelanggan!H14 -> 100000 | I15: 100000 | L15: =IF(SUM(G15:K15)>0,"LUNAS","BELUM LUNAS") -> LUNAS | Q15: 6 | R15: IDI-043 | S15: SOLFI@FERI | T15: IDINAN | U15: 100000
B16: 13 | C16: =NamaPelanggan!C15 -> BLI-013 | D16: =NamaPelanggan!D15 -> elisha | E16: =NamaPelanggan!E15 -> BLIMBINGSARI | F16: =NamaPelanggan!H15 -> 100000 | L16: =IF(SUM(G16:K16)>0,"LUNAS","BELUM LUNAS") -> BELUM LUNAS | M16: 100000 | N16: mei | Q16: 7 | R16: IDI-061 | S16: ARIP@AYUK | T16: IDINAN | U16: 800000
B17: 14 | C17: =NamaPelanggan!C16 -> BLI-014 | D17: =NamaPelanggan!D16 -> SANTI | E17: =NamaPelanggan!E16 -> BLIMBINGSARI | F17: =NamaPelanggan!H16 -> 50000 | I17: 50000 | L17: =IF(SUM(G17:K17)>0,"LUNAS","BELUM LUNAS") -> LUNAS | Q17: 8 | R17: IDI-062 | S17: DAYAT@BENGKEL | T17: IDINAN | U17: 400000
B18: 15 | C18: =NamaPelanggan!C17 -> BLI-015 | D18: =NamaPelanggan!D17 -> ROMI | E18: =NamaPelanggan!E17 -> BLIMBINGSARI | F18: =NamaPelanggan!H17 -> 50000 | I18: 50000 | L18: =IF(SUM(G18:K18)>0,"LUNAS","BELUM LUNAS") -> LUNAS | Q18: 9 | R18: TAN-065 | S18: ALIP@BINTANG | T18: TANAH LOS | U18: 100000
B19: 16 | C19: =NamaPelanggan!C18 -> BLI-016 | D19: =NamaPelanggan!D18 -> MI@SUNANGIRI | E19: =NamaPelanggan!E18 -> BLIMBINGSARI | F19: =NamaPelanggan!H18 -> 50000 | I19: 100000 | L19: =IF(SUM(G19:K19)>0,"LUNAS","BELUM LUNAS") -> LUNAS | Q19: 10 | R19: TAN-066 | S19: ANA@HAR | T19: TANAH LOS | U19: 100000
B20: 17 | C20: =NamaPelanggan!C19 -> BLI-017 | D20: =NamaPelanggan!D19 -> MES@BANANA | E20: =NamaPelanggan!E19 -> BLIMBINGSARI | F20: =NamaPelanggan!H19 -> 100000 | I20: 100000 | L20: =IF(SUM(G20:K20)>0,"LUNAS","BELUM LUNAS") -> LUNAS | Q20: 11 | R20: TAN-069 | S20: DIKI@HELMI | T20: TANAH LOS | U20: 100000
B21: 18 | C21: =NamaPelanggan!C20 -> BLI-018 | D21: =NamaPelanggan!D20 -> MES@BMT | E21: =NamaPelanggan!E20 -> BLIMBINGSARI | F21: =NamaPelanggan!H20 -> 100000 | L21: =IF(SUM(G21:K21)>0,"LUNAS","BELUM LUNAS") -> BELUM LUNAS | M21: 100000 | N21: MEI | Q21: 12 | R21: TAN-070 | S21: selamet dinda / ima | T21: TANAH LOS | U21: 100000
B22: 19 | C22: =NamaPelanggan!C21 -> IDI-019 | D22: =NamaPelanggan!D21 -> AKBARR | E22: =NamaPelanggan!E21 -> IDINAN | F22: =NamaPelanggan!H21 -> 100000 | I22: 100000 | L22: =IF(SUM(G22:K22)>0,"LUNAS","BELUM LUNAS") -> LUNAS | Q22: 13 | R22: TAN-094 | S22: marcel | T22: TANAH LOS | U22: 100000
B23: 20 | C23: =NamaPelanggan!C22 -> IDI-020 | D23: =NamaPelanggan!D22 -> AKSORO | E23: =NamaPelanggan!E22 -> IDINAN | F23: =NamaPelanggan!H22 -> 100000 | I23: 100000 | L23: =IF(SUM(G23:K23)>0,"LUNAS","BELUM LUNAS") -> LUNAS | Q23: 14 | R23: TAN-102 | S23: SITISP | T23: TANAH LOS | U23: 400000
B24: 21 | C24: =NamaPelanggan!C23 -> IDI-021 | D24: =NamaPelanggan!D23 -> ALFI@SUN ( TERUSAN ) blimbing | E24: =NamaPelanggan!E23 -> IDINAN | F24: =NamaPelanggan!H23 -> 100000 | I24: 100000 | L24: =IF(SUM(G24:K24)>0,"LUNAS","BELUM LUNAS") -> LUNAS | Q24: 15 | R24: JAM-116 | S24: ERPAN | T24: JAMBU | U24: 100000
B25: 22 | C25: =NamaPelanggan!C24 -> IDI-022 | D25: =NamaPelanggan!D24 -> ASIS | E25: =NamaPelanggan!E24 -> IDINAN | F25: =NamaPelanggan!H24 -> 100000 | I25: 100000 | L25: =IF(SUM(G25:K25)>0,"LUNAS","BELUM LUNAS") -> LUNAS | Q25: 16 | R25: JAM-122 | S25: JONO@EVA | T25: JAMBU | U25: 100000
B26: 23 | C26: =NamaPelanggan!C25 -> IDI-023 | D26: =NamaPelanggan!D25 -> AYULESTARI | E26: =NamaPelanggan!E25 -> IDINAN | F26: =NamaPelanggan!H25 -> 100000 | I26: 100000 | L26: =IF(SUM(G26:K26)>0,"LUNAS","BELUM LUNAS") -> LUNAS | Q26: 17 | R26: JAM-132 | S26: PUTRIUNTUNG | T26: JAMBU | U26: 100000
B27: 24 | C27: =NamaPelanggan!C26 -> IDI-024 | D27: =NamaPelanggan!D26 -> ELOK | E27: =NamaPelanggan!E26 -> IDINAN | F27: =NamaPelanggan!H26 -> 100000 | I27: 200000 | L27: BELUM LUNAS | M27: 100000 | N27: april | Q27: 18 | R27: JAM-134 | S27: RIRIN | T27: JAMBU | U27: 100000
B28: 25 | C28: =NamaPelanggan!C27 -> IDI-025 | D28: =NamaPelanggan!D27 -> FATUR | E28: =NamaPelanggan!E27 -> IDINAN | F28: =NamaPelanggan!H27 -> 100000 | I28: 100000 | L28: =IF(SUM(G28:K28)>0,"LUNAS","BELUM LUNAS") -> LUNAS | Q28: 19 | R28: JAM-135 | S28: SERATEM / chandra | T28: JAMBU | U28: 100000
B29: 26 | C29: =NamaPelanggan!C28 -> IDI-026 | D29: =NamaPelanggan!D28 -> FIRMAN@SUPENOK | E29: =NamaPelanggan!E28 -> IDINAN | F29: =NamaPelanggan!H28 -> 100000 | I29: 100000 | L29: =IF(SUM(G29:K29)>0,"LUNAS","BELUM LUNAS") -> LUNAS | Q29: 20 | R29: JAM-145 | S29: YURIS@ALVIN | T29: JAMBU | U29: 100000
B30: 27 | C30: =NamaPelanggan!C29 -> IDI-027 | D30: =NamaPelanggan!D29 -> HENDI@ULWIYA | E30: =NamaPelanggan!E29 -> IDINAN | F30: =NamaPelanggan!H29 -> 100000 | L30: =IF(SUM(G30:K30)>0,"LUNAS","BELUM LUNAS") -> BELUM LUNAS | M30: 100000 | N30: mei | Q30: 21 | R30: JAM-181 | S30: KORAMIL | T30: JAMBU | U30: 50000
B31: 28 | C31: =NamaPelanggan!C30 -> IDI-028 | D31: =NamaPelanggan!D30 -> HOLIK | E31: =NamaPelanggan!E30 -> IDINAN | F31: =NamaPelanggan!H30 -> 100000 | L31: =IF(SUM(G31:K31)>0,"LUNAS","BELUM LUNAS") -> BELUM LUNAS | M31: 100000 | N31: mei | Q31: 22 | R31: JAM-189 | S31: LURAH | T31: JAMBU | U31: 500000
B32: 29 | C32: =NamaPelanggan!C31 -> IDI-029 | D32: =NamaPelanggan!D31 -> OMAN | E32: =NamaPelanggan!E31 -> IDINAN | F32: =NamaPelanggan!H31 -> 100000 | I32: 100000 | L32: =IF(SUM(G32:K32)>0,"LUNAS","BELUM LUNAS") -> LUNAS | Q32: 23 | R32: JAM-192 | S32: DEOMAH@OSENG | T32: JAMBU | U32: 600000
B33: 30 | C33: =NamaPelanggan!C32 -> IDI-030 | D33: =NamaPelanggan!D32 -> ILHAM@OMAN | E33: =NamaPelanggan!E32 -> IDINAN | F33: =NamaPelanggan!H32 -> 100000 | I33: 100000 | L33: =IF(SUM(G33:K33)>0,"LUNAS","BELUM LUNAS") -> LUNAS | Q33: 24 | R33: JAM-193 | S33: AROMATIKA | T33: JAMBU | U33: 200000
B34: 31 | C34: =NamaPelanggan!C33 -> IDI-031 | D34: =NamaPelanggan!D33 -> JUNET@JUN | E34: =NamaPelanggan!E33 -> IDINAN | F34: =NamaPelanggan!H33 -> 100000 | I34: 100000 | L34: =IF(SUM(G34:K34)>0,"LUNAS","BELUM LUNAS") -> LUNAS | Q34: 25 | R34: JAM-194 | S34: P.YANI | T34: JAMBU | U34: 100000
B35: 32 | C35: =NamaPelanggan!C34 -> IDI-032 | D35: =NamaPelanggan!D34 -> MATTAIN | E35: =NamaPelanggan!E34 -> IDINAN | F35: =NamaPelanggan!H34 -> 100000 | I35: 100000 | L35: =IF(SUM(G35:K35)>0,"LUNAS","BELUM LUNAS") -> LUNAS | Q35: 26 | R35: JAM-195 | S35: PELANGI | T35: JAMBU | U35: 100000
B36: 33 | C36: =NamaPelanggan!C35 -> IDI-033 | D36: =NamaPelanggan!D35 -> LIAUDIK | E36: =NamaPelanggan!E35 -> IDINAN | F36: =NamaPelanggan!H35 -> 100000 | I36: 100000 | L36: =IF(SUM(G36:K36)>0,"LUNAS","BELUM LUNAS") -> LUNAS | Q36: 27 | R36: JAM-196 | S36: SDN4 | T36: JAMBU | U36: 750000
B37: 34 | C37: =NamaPelanggan!C36 -> IDI-034 | D37: =NamaPelanggan!D36 -> LUTFI | E37: =NamaPelanggan!E36 -> IDINAN | F37: =NamaPelanggan!H36 -> 100000 | I37: 100000 | L37: =IF(SUM(G37:K37)>0,"LUNAS","BELUM LUNAS") -> LUNAS | Q37: 28 | R37: JAM-197 | S37: SUNOTOK | T37: JAMBU | U37: 375000
B38: 35 | C38: =NamaPelanggan!C37 -> IDI-035 | D38: =NamaPelanggan!D37 -> MARIMIN | E38: =NamaPelanggan!E37 -> IDINAN | F38: =NamaPelanggan!H37 -> 100000 | I38: 100000 | L38: =IF(SUM(G38:K38)>0,"LUNAS","BELUM LUNAS") -> LUNAS | Q38: 29 | R38: JAM-200 | S38: SUYONO/ susiyono | T38: JAMBU | U38: 75000
B39: 36 | C39: =NamaPelanggan!C38 -> IDI-036 | D39: =NamaPelanggan!D38 -> OPIK | E39: =NamaPelanggan!E38 -> IDINAN | F39: =NamaPelanggan!H38 -> 100000 | I39: 200000 | L39: =IF(SUM(G39:K39)>0,"LUNAS","BELUM LUNAS") -> LUNAS | M39: 100000 | N39: april | Q39: 30 | R39: JAM-201 | S39: OOT@JIDAN | T39: JAMBU | U39: 100000
B40: 37 | C40: =NamaPelanggan!C39 -> IDI-037 | D40: =NamaPelanggan!D39 -> P.ARI | E40: =NamaPelanggan!E39 -> IDINAN | F40: =NamaPelanggan!H39 -> 100000 | I40: 100000 | L40: =IF(SUM(G40:K40)>0,"LUNAS","BELUM LUNAS") -> LUNAS | Q40: 31 | R40: AMP-208 | S40: ADIT | T40: AMPELGADING | U40: 100000
B41: 38 | C41: =NamaPelanggan!C40 -> IDI-038 | D41: =NamaPelanggan!D40 -> P.LULUK@IDINAN | E41: =NamaPelanggan!E40 -> IDINAN | F41: =NamaPelanggan!H40 -> 100000 | I41: 100000 | L41: =IF(SUM(G41:K41)>0,"LUNAS","BELUM LUNAS") -> LUNAS | Q41: 32 | R41: AMP-210 | S41: B.IPUL | T41: AMPELGADING | U41: 100000
B42: 39 | C42: =NamaPelanggan!C41 -> IDI-039 | D42: =NamaPelanggan!D41 -> P.MIKO | E42: =NamaPelanggan!E41 -> IDINAN | F42: =NamaPelanggan!H41 -> 100000 | I42: 100000 | L42: =IF(SUM(G42:K42)>0,"LUNAS","BELUM LUNAS") -> LUNAS | Q42: 33 | R42: AMP-213 | S42: DYAN@SARI | T42: AMPELGADING | U42: 100000
B43: 40 | C43: =NamaPelanggan!C42 -> IDI-040 | D43: =NamaPelanggan!D42 -> P.RIBUT | E43: =NamaPelanggan!E42 -> IDINAN | F43: =NamaPelanggan!H42 -> 100000 | I43: 100000 | L43: =IF(SUM(G43:K43)>0,"LUNAS","BELUM LUNAS") -> LUNAS | Q43: 34 | R43: AMP-222 | S43: IPUNK | T43: AMPELGADING | U43: 100000
B44: 41 | C44: =NamaPelanggan!C43 -> IDI-041 | D44: =NamaPelanggan!D43 -> SAGIMAN | E44: =NamaPelanggan!E43 -> IDINAN | F44: =NamaPelanggan!H43 -> 100000 | I44: 100000 | L44: =IF(SUM(G44:K44)>0,"LUNAS","BELUM LUNAS") -> LUNAS | Q44: 35 | R44: AMP-224 | S44: JEN | T44: AMPELGADING | U44: 100000
B45: 42 | C45: =NamaPelanggan!C44 -> IDI-042 | D45: =NamaPelanggan!D44 -> SAIPUL@PAKLUS | E45: =NamaPelanggan!E44 -> IDINAN | F45: =NamaPelanggan!H44 -> 100000 | I45: 100000 | L45: =IF(SUM(G45:K45)>0,"LUNAS","BELUM LUNAS") -> LUNAS | Q45: 36 | R45: AMP-228 | S45: MISNUR / IYAN | T45: AMPELGADING | U45: 100000
B46: 43 | C46: =NamaPelanggan!C45 -> IDI-043 | D46: =NamaPelanggan!D45 -> SOLFI@FERI | E46: =NamaPelanggan!E45 -> IDINAN | F46: =NamaPelanggan!H45 -> 100000 | L46: =IF(SUM(G46:K46)>0,"LUNAS","BELUM LUNAS") -> BELUM LUNAS | M46: 100000 | N46: mei | Q46: 37 | R46: AMP-230 | S46: P.RIS@AYUK | T46: AMPELGADING | U46: 100000
B47: 44 | C47: =NamaPelanggan!C46 -> IDI-044 | D47: =NamaPelanggan!D46 -> SAHNAN | E47: =NamaPelanggan!E46 -> IDINAN | F47: =NamaPelanggan!H46 -> 100000 | I47: 100000 | L47: =IF(SUM(G47:K47)>0,"LUNAS","BELUM LUNAS") -> LUNAS | Q47: 38 | R47: AMP-233 | S47: RAMA | T47: AMPELGADING | U47: 100000
B48: 45 | C48: =NamaPelanggan!C47 -> IDI-045 | D48: =NamaPelanggan!D47 -> SURAJI | E48: =NamaPelanggan!E47 -> IDINAN | F48: =NamaPelanggan!H47 -> 100000 | I48: 100000 | L48: =IF(SUM(G48:K48)>0,"LUNAS","BELUM LUNAS") -> LUNAS | Q48: 39 | R48: AMP-242 | S48: TO | T48: AMPELGADING | U48: 100000
B49: 46 | C49: =NamaPelanggan!C48 -> IDI-046 | D49: =NamaPelanggan!D48 -> SUS@BENGKEL | E49: =NamaPelanggan!E48 -> IDINAN | F49: =NamaPelanggan!H48 -> 100000 | I49: 100000 | L49: =IF(SUM(G49:K49)>0,"LUNAS","BELUM LUNAS") -> LUNAS | Q49: 40 | R49: AMP-247 | S49: asmiati/HABIL | T49: AMPELGADING | U49: 100000
B50: 47 | C50: =NamaPelanggan!C49 -> IDI-047 | D50: =NamaPelanggan!D49 -> SUS@FITRI | E50: =NamaPelanggan!E49 -> IDINAN | F50: =NamaPelanggan!H49 -> 100000 | I50: 100000 | L50: =IF(SUM(G50:K50)>0,"LUNAS","BELUM LUNAS") -> LUNAS | Q50: 41 | R50: AMP-251 | S50: Arin | T50: ampelgading | U50: 100000
B51: 48 | C51: =NamaPelanggan!C50 -> IDI-048 | D51: =NamaPelanggan!D50 -> SUTIK@IKROM | E51: =NamaPelanggan!E50 -> IDINAN | F51: =NamaPelanggan!H50 -> 100000 | I51: 100000 | L51: =IF(SUM(G51:K51)>0,"LUNAS","BELUM LUNAS") -> LUNAS | Q51: 42 | R51: AMP-254 | S51: nanik uus | T51: AMPELGADING | U51: 100000
B52: 49 | C52: =NamaPelanggan!C51 -> IDI-049 | D52: =NamaPelanggan!D51 -> SUTRIS@TIA | E52: =NamaPelanggan!E51 -> IDINAN | F52: =NamaPelanggan!H51 -> 100000 | I52: 100000 | L52: =IF(SUM(G52:K52)>0,"LUNAS","BELUM LUNAS") -> LUNAS | Q52: 43 | R52: AMP-256 | S52: NITA@AGUS | T52: AMPELGADING | U52: 100000
B53: 50 | C53: =NamaPelanggan!C52 -> IDI-050 | D53: =NamaPelanggan!D52 -> TRIAS | E53: =NamaPelanggan!E52 -> IDINAN | F53: =NamaPelanggan!H52 -> 100000 | I53: 100000 | L53: =IF(SUM(G53:K53)>0,"LUNAS","BELUM LUNAS") -> LUNAS | Q53: 44 | R53: AMP-257 | S53: TEGUH@SUM | T53: AMPELGADING | U53: 700000
B54: 51 | C54: =NamaPelanggan!C53 -> IDI-051 | D54: =NamaPelanggan!D53 -> NUMA | E54: =NamaPelanggan!E53 -> IDINAN | F54: =NamaPelanggan!H53 -> 100000 | I54: 100000 | L54: =IF(SUM(G54:K54)>0,"LUNAS","BELUM LUNAS") -> LUNAS | Q54: 45 | R54: AMP-258 | S54: ILYAS@TERMINAL | T54: AMPELGADING | U54: 900000
B55: 52 | C55: =NamaPelanggan!C54 -> IDI-052 | D55: =NamaPelanggan!D54 -> NADIA | E55: =NamaPelanggan!E54 -> IDINAN | F55: =NamaPelanggan!H54 -> 100000 | I55: 100000 | L55: =IF(SUM(G55:K55)>0,"LUNAS","BELUM LUNAS") -> LUNAS | Q55: 46 | R55: PAN-266 | S55: RIZKI | T55: PANGGANG | U55: 500000
B56: 53 | C56: =NamaPelanggan!C55 -> IDI-053 | D56: =NamaPelanggan!D55 -> UUS/ daus | E56: =NamaPelanggan!E55 -> IDINAN | F56: =NamaPelanggan!H55 -> 100000 | I56: 100000 | L56: =IF(SUM(G56:K56)>0,"LUNAS","BELUM LUNAS") -> LUNAS | Q56: 47 | R56: KEB-288 | S56: ali@marisa | T56: KEBUNDADAP | U56: 100000
B57: 54 | C57: =NamaPelanggan!C56 -> IDI-054 | D57: =NamaPelanggan!D56 -> Rini | E57: =NamaPelanggan!E56 -> IDINAN | F57: =NamaPelanggan!H56 -> 100000 | I57: 100000 | L57: =IF(SUM(G57:K57)>0,"LUNAS","BELUM LUNAS") -> LUNAS | Q57: 48 | R57: KEB-295 | S57: dimas@aurel | T57: KEBUNDADAP | U57: 100000
B58: 55 | C58: =NamaPelanggan!C57 -> IDI-055 | D58: =NamaPelanggan!D57 -> ILHAM | E58: =NamaPelanggan!E57 -> IDINAN | F58: =NamaPelanggan!H57 -> 100000 | I58: 100000 | L58: =IF(SUM(G58:K58)>0,"LUNAS","BELUM LUNAS") -> LUNAS | Q58: 49 | R58: KEB-298 | S58: har | T58: KEBUNDADAP | U58: 200000
... B62: 59 | C62: =NamaPelanggan!C61 -> IDI-059 | D62: =NamaPelanggan!D61 -> JUNAIDI | E62: =NamaPelanggan!E61 -> IDINAN | F62: =NamaPelanggan!H61 -> 50000 | I62: 50000 | L62: =IF(SUM(G62:K62)>0,"LUNAS","BELUM LUNAS") -> LUNAS | Q62: 53 | R62: KEB-315 | S62: pri@rita | T62: KEBUNDADAP | U62: 200000
B63: 60 | C63: =NamaPelanggan!C62 -> IDI-060 | D63: =NamaPelanggan!D62 -> KOM | E63: =NamaPelanggan!E62 -> IDINAN | F63: =NamaPelanggan!H62 -> 75000 | I63: 75000 | L63: LUNAS | Q63: 54 | R63: KEB-320 | S63: suci@bondadap | T63: KEBUNDADAP | U63: 100000
B64: 61 | C64: =NamaPelanggan!C63 -> IDI-061 | D64: =NamaPelanggan!D63 -> ARIP@AYUK | E64: =NamaPelanggan!E63 -> IDINAN | F64: =NamaPelanggan!H63 -> 100000 | L64: =IF(SUM(G64:K64)>0,"LUNAS","BELUM LUNAS") -> BELUM LUNAS | M64: 800000 | N64: okt-mei | Q64: 55 | R64: KEB-322 | S64: sulyadi@reni | T64: KEBUNDADAP | U64: 200000
B65: 62 | C65: =NamaPelanggan!C64 -> IDI-062 | D65: =NamaPelanggan!D64 -> DAYAT@BENGKEL | E65: =NamaPelanggan!E64 -> IDINAN | F65: =NamaPelanggan!H64 -> 100000 | L65: =IF(SUM(G65:K65)>0,"LUNAS","BELUM LUNAS") -> BELUM LUNAS | M65: 400000 | N65: feb-mei | Q65: 56 | R65: KEB-324 | S65: suparno@rizki | T65: KEBUNDADAP | U65: 100000
B66: 63 | C66: =NamaPelanggan!C65 -> IDI-063 | D66: =NamaPelanggan!D65 -> ANGGA@ANIS | E66: =NamaPelanggan!E65 -> IDINAN | F66: =NamaPelanggan!H65 -> 100000 | I66: 100000 | L66: =IF(SUM(G66:K66)>0,"LUNAS","BELUM LUNAS") -> LUNAS | Q66: 57 | R66: KEB-325 | S66: supri@bondadap | T66: KEBUNDADAP | U66: 100000
B67: 64 | C67: =NamaPelanggan!C66 -> TAN-064 | D67: =NamaPelanggan!D66 -> ANJAS | E67: =NamaPelanggan!E66 -> TANAH LOS | F67: =NamaPelanggan!H66 -> 100000 | I67: 100000 | L67: =IF(SUM(G67:K67)>0,"LUNAS","BELUM LUNAS") -> LUNAS | Q67: 58 | R67: KEB-326 | S67: suryanto@iqbal | T67: KEBUNDADAP | U67: 100000
B68: 65 | C68: =NamaPelanggan!C67 -> TAN-065 | D68: =NamaPelanggan!D67 -> ALIP@BINTANG | E68: =NamaPelanggan!E67 -> TANAH LOS | F68: =NamaPelanggan!H67 -> 100000 | I68: 100000 | L68: BELUM LUNAS | M68: 100000 | N68: mei | Q68: 59 | R68: KEB-328 | S68: tejo@bocil | T68: KEBUNDADAP | U68: 100000
B69: 66 | C69: =NamaPelanggan!C68 -> TAN-066 | D69: =NamaPelanggan!D68 -> ANA@HAR | E69: =NamaPelanggan!E68 -> TANAH LOS | F69: =NamaPelanggan!H68 -> 100000 | L69: =IF(SUM(G69:K69)>0,"LUNAS","BELUM LUNAS") -> BELUM LUNAS | M69: 100000 | N69: mei | Q69: 60 | R69: KEB-331 | S69: wiwik@winda | T69: KEBUNDADAP | U69: 300000
B70: 67 | C70: =NamaPelanggan!C69 -> TAN-067 | D70: =NamaPelanggan!D69 -> BINDERE@IMAM | E70: =NamaPelanggan!E69 -> TANAH LOS | F70: =NamaPelanggan!H69 -> 100000 | I70: 100000 | L70: =IF(SUM(G70:K70)>0,"LUNAS","BELUM LUNAS") -> LUNAS | Q70: 61 | R70: KEB-332 | S70: yatik@sok | T70: KEBUNDADAP | U70: 100000
B71: 68 | C71: =NamaPelanggan!C70 -> TAN-068 | D71: =NamaPelanggan!D70 -> DAPIT JOKO / dampit | E71: =NamaPelanggan!E70 -> TANAH LOS | F71: =NamaPelanggan!H70 -> 100000 | I71: 100000 | L71: =IF(SUM(G71:K71)>0,"LUNAS","BELUM LUNAS") -> LUNAS | Q71: 62 | R71: KEB-335 | S71: BAGAS | T71: KEBUNDADAP | U71: 200000
B72: 69 | C72: =NamaPelanggan!C71 -> TAN-069 | D72: =NamaPelanggan!D71 -> DIKI@HELMI | E72: =NamaPelanggan!E71 -> TANAH LOS | F72: =NamaPelanggan!H71 -> 100000 | L72: =IF(SUM(G72:K72)>0,"LUNAS","BELUM LUNAS") -> BELUM LUNAS | M72: 100000 | N72: mei | Q72: 63 | R72: KEB-337 | S72: EPUL | T72: KEBUNDADAP | U72: 100000
B73: 70 | C73: =NamaPelanggan!C72 -> TAN-070 | D73: =NamaPelanggan!D72 -> selamet dinda / ima | E73: =NamaPelanggan!E72 -> TANAH LOS | F73: =NamaPelanggan!H72 -> 100000 | L73: =IF(SUM(G73:K73)>0,"LUNAS","BELUM LUNAS") -> BELUM LUNAS | M73: 100000 | N73: mei | Q73: 64 | R73: KEB-338 | S73: ERNA | T73: KEBUNDADAP | U73: 100000
B74: 71 | C74: =NamaPelanggan!C73 -> TAN-071 | D74: =NamaPelanggan!D73 -> EROL@DEWI | E74: =NamaPelanggan!E73 -> TANAH LOS | F74: =NamaPelanggan!H73 -> 100000 | I74: 100000 | L74: =IF(SUM(G74:K74)>0,"LUNAS","BELUM LUNAS") -> LUNAS | Q74: 65 | R74: KEB-344 | S74: yanto/ ayuk | T74: KEBUNDADAP | U74: 100000
B75: 72 | C75: =NamaPelanggan!C74 -> TAN-072 | D75: =NamaPelanggan!D74 -> HARIYANTO@LIRA | E75: =NamaPelanggan!E74 -> TANAH LOS | F75: =NamaPelanggan!H74 -> 100000 | I75: 100000 | L75: =IF(SUM(G75:K75)>0,"LUNAS","BELUM LUNAS") -> LUNAS | Q75: 66 | R75: KEB-359 | S75: Sumaini | T75: KEBUNDADAP | U75: 200000
B76: 73 | C76: =NamaPelanggan!C75 -> TAN-073 | D76: =NamaPelanggan!D75 -> HODIE | E76: =NamaPelanggan!E75 -> TANAH LOS | F76: =NamaPelanggan!H75 -> 100000 | I76: 100000 | L76: LUNAS | Q76: 67 | R76: KEB-363 | S76: p. sak siti / blm app | T76: KEBUNDADAP | U76: 250000
B77: 74 | C77: =NamaPelanggan!C76 -> TAN-074 | D77: =NamaPelanggan!D76 -> IKAUNTUNG | E77: =NamaPelanggan!E76 -> TANAH LOS | F77: =NamaPelanggan!H76 -> 100000 | I77: 100000 | L77: =IF(SUM(G77:K77)>0,"LUNAS","BELUM LUNAS") -> LUNAS | Q77: 68 | R77: KEB-364 | S77: natan | T77: KEBUNDADAP | U77: 800000
B78: 75 | C78: =NamaPelanggan!C77 -> TAN-075 | D78: =NamaPelanggan!D77 -> LAILI | E78: =NamaPelanggan!E77 -> TANAH LOS | F78: =NamaPelanggan!H77 -> 100000 | I78: 100000 | L78: =IF(SUM(G78:K78)>0,"LUNAS","BELUM LUNAS") -> LUNAS | Q78: 69 | R78: KEB-365 | S78: windi | T78: KEBUNDADAP | U78: 100000
B79: 76 | C79: =NamaPelanggan!C78 -> TAN-076 | D79: =NamaPelanggan!D78 -> LIATN | E79: =NamaPelanggan!E78 -> TANAH LOS | F79: =NamaPelanggan!H78 -> 100000 | I79: 100000 | L79: =IF(SUM(G79:K79)>0,"LUNAS","BELUM LUNAS") -> LUNAS | Q79: 70 | R79: KEB-366 | S79: alfarel | T79: KEBUNDADAP | U79: 200000
B80: 77 | C80: =NamaPelanggan!C79 -> TAN-077 | D80: =NamaPelanggan!D79 -> MAHIL@TIK | E80: =NamaPelanggan!E79 -> TANAH LOS | F80: =NamaPelanggan!H79 -> 100000 | I80: 100000 | L80: =IF(SUM(G80:K80)>0,"LUNAS","BELUM LUNAS") -> LUNAS | Q80: 71 | R80: KEB-367 | S80: arling@bondadap | T80: KEBUNDADAP | U80: 200000
B81: 78 | C81: =NamaPelanggan!C80 -> TAN-078 | D81: =NamaPelanggan!D80 -> MUJI/HAEKAL | E81: =NamaPelanggan!E80 -> TANAH LOS | F81: =NamaPelanggan!H80 -> 100000 | I81: 100000 | L81: =IF(SUM(G81:K81)>0,"LUNAS","BELUM LUNAS") -> LUNAS | Q81: 72 | R81: SUM-377 | S81: BUS@SUMBERWATU | T81: SUMBERWATU | U81: 100000
B82: 79 | C82: =NamaPelanggan!C81 -> TAN-079 | D82: =NamaPelanggan!D81 -> MUL | E82: =NamaPelanggan!E81 -> TANAH LOS | F82: =NamaPelanggan!H81 -> 100000 | I82: 100000 | L82: =IF(SUM(G82:K82)>0,"LUNAS","BELUM LUNAS") -> LUNAS | Q82: 73 | R82: SUM-400 | S82: SIS | T82: SUMBERWATU | U82: 100000
B83: 80 | C83: =NamaPelanggan!C82 -> TAN-080 | D83: =NamaPelanggan!D82 -> P.SUL@DANDI | E83: =NamaPelanggan!E82 -> TANAH LOS | F83: =NamaPelanggan!H82 -> 100000 | I83: 100000 | L83: =IF(SUM(G83:K83)>0,"LUNAS","BELUM LUNAS") -> LUNAS | Q83: 74 | R83: SUM-403 | S83: VILA@SERUNI ( terusan ) | T83: SUMBERWATU | U83: 100000
B84: 81 | C84: =NamaPelanggan!C83 -> TAN-081 | D84: =NamaPelanggan!D83 -> REVAN@VILA | E84: =NamaPelanggan!E83 -> TANAH LOS | F84: =NamaPelanggan!H83 -> 100000 | I84: 100000 | L84: =IF(SUM(G84:K84)>0,"LUNAS","BELUM LUNAS") -> LUNAS | Q84: 75 | R84: SUM-407 | S84: SASKIA | T84: SUMBERWATU | U84: 100000
B85: 82 | C85: =NamaPelanggan!C84 -> TAN-082 | D85: =NamaPelanggan!D84 -> RINA@RAMA / sahlan | E85: =NamaPelanggan!E84 -> TANAH LOS | F85: =NamaPelanggan!H84 -> 100000 | I85: 100000 | L85: =IF(SUM(G85:K85)>0,"LUNAS","BELUM LUNAS") -> LUNAS | Q85: 76 | R85: SUM-410 | S85: AMEL | T85: SUMBERWATU | U85: 100000
B86: 83 | C86: =NamaPelanggan!C85 -> TAN-083 | D86: =NamaPelanggan!D85 -> rima | E86: =NamaPelanggan!E85 -> TANAH LOS | F86: =NamaPelanggan!H85 -> 100000 | I86: 100000 | L86: =IF(SUM(G86:K86)>0,"LUNAS","BELUM LUNAS") -> LUNAS | Q86: 77 | R86: SUM-411 | S86: usnan | T86: SUMBERWATU | U86: 100000
B87: 84 | C87: =NamaPelanggan!C86 -> TAN-084 | D87: =NamaPelanggan!D86 -> ROSI@SUBAIRI | E87: =NamaPelanggan!E86 -> TANAH LOS | F87: =NamaPelanggan!H86 -> 100000 | L87: LUNAS | Q87: 78 | R87: SUM-426 | S87: LEKEKO | T87: SUMBERWATU | U87: 500000
B88: 85 | C88: =NamaPelanggan!C87 -> TAN-085 | D88: =NamaPelanggan!D87 -> SASKIA@RIAN | E88: =NamaPelanggan!E87 -> TANAH LOS | F88: =NamaPelanggan!H87 -> 100000 | I88: 100000 | L88: =IF(SUM(G88:K88)>0,"LUNAS","BELUM LUNAS") -> LUNAS | Q88: 79 | R88: TAM-430 | S88: AGUS@TRIK | T88: TAMANSARI | U88: 100000
B89: 86 | C89: =NamaPelanggan!C88 -> TAN-086 | D89: =NamaPelanggan!D88 -> SIDOK@VILA | E89: =NamaPelanggan!E88 -> TANAH LOS | F89: =NamaPelanggan!H88 -> 100000 | I89: 100000 | L89: =IF(SUM(G89:K89)>0,"LUNAS","BELUM LUNAS") -> LUNAS | Q89: 80 | R89: TAM-432 | S89: BAKIR | T89: TAMANSARI | U89: 100000
B90: 87 | C90: =NamaPelanggan!C89 -> TAN-087 | D90: =NamaPelanggan!D89 -> SLAMETTN | E90: =NamaPelanggan!E89 -> TANAH LOS | F90: =NamaPelanggan!H89 -> 100000 | I90: 100000 | L90: =IF(SUM(G90:K90)>0,"LUNAS","BELUM LUNAS") -> LUNAS | Q90: 81 | R90: TAM-457 | S90: TOPAN | T90: TAMANSARI | U90: 100000
B91: 88 | C91: =NamaPelanggan!C90 -> TAN-088 | D91: =NamaPelanggan!D90 -> SUGIMAN@VILA | E91: =NamaPelanggan!E90 -> TANAH LOS | F91: =NamaPelanggan!H90 -> 100000 | I91: 100000 | L91: =IF(SUM(G91:K91)>0,"LUNAS","BELUM LUNAS") -> LUNAS | Q91: 82 | R91: TAM-483 | S91: DIDIK@ADIT | T91: TAMANSARI | U91: 150000
B92: 89 | C92: =NamaPelanggan!C91 -> TAN-089 | D92: =NamaPelanggan!D91 -> SUS@VILA | E92: =NamaPelanggan!E91 -> TANAH LOS | F92: =NamaPelanggan!H91 -> 100000 | I92: 100000 | L92: =IF(SUM(G92:K92)>0,"LUNAS","BELUM LUNAS") -> LUNAS | Q92: 83 | R92: TAM-488 | S92: YAYAN@MIRNA | T92: TAMANSARI | U92: 200000
B93: 90 | C93: =NamaPelanggan!C92 -> TAN-090 | D93: =NamaPelanggan!D92 -> VINA@ASTUTI | E93: =NamaPelanggan!E92 -> TANAH LOS | F93: =NamaPelanggan!H92 -> 100000 | I93: 100000 | L93: =IF(SUM(G93:K93)>0,"LUNAS","BELUM LUNAS") -> LUNAS | Q93: 84 | R93: TAN-496 | S93: mawardi | T93: tanahlos | U93: 100000
B94: 91 | C94: =NamaPelanggan!C93 -> TAN-091 | D94: =NamaPelanggan!D93 -> YATNO@IKRIMA | E94: =NamaPelanggan!E93 -> TANAH LOS | F94: =NamaPelanggan!H93 -> 100000 | I94: 100000 | L94: =IF(SUM(G94:K94)>0,"LUNAS","BELUM LUNAS") -> LUNAS | Q94: 85 | R94: TAM-497 | S94: cinta | T94: tamansari | U94: 100000
B95: 92 | C95: =NamaPelanggan!C94 -> TAN-092 | D95: =NamaPelanggan!D94 -> alishanazwa | E95: =NamaPelanggan!E94 -> TANAH LOS | F95: =NamaPelanggan!H94 -> 100000 | I95: 100000 | L95: =IF(SUM(G95:K95)>0,"LUNAS","BELUM LUNAS") -> LUNAS
B96: 93 | C96: =NamaPelanggan!C95 -> TAN-093 | D96: =NamaPelanggan!D95 -> bagus | E96: =NamaPelanggan!E95 -> TANAH LOS | F96: =NamaPelanggan!H95 -> 100000 | I96: 100000 | L96: =IF(SUM(G96:K96)>0,"LUNAS","BELUM LUNAS") -> LUNAS
B97: 94 | C97: =NamaPelanggan!C96 -> TAN-094 | D97: =NamaPelanggan!D96 -> marcel | E97: =NamaPelanggan!E96 -> TANAH LOS | F97: =NamaPelanggan!H96 -> 100000 | L97: =IF(SUM(G97:K97)>0,"LUNAS","BELUM LUNAS") -> BELUM LUNAS | M97: 100000 | N97: mei
B98: 95 | C98: =NamaPelanggan!C97 -> TAN-095 | D98: =NamaPelanggan!D97 -> sumantoro | E98: =NamaPelanggan!E97 -> TANAH LOS | F98: =NamaPelanggan!H97 -> 100000 | I98: 100000 | L98: =IF(SUM(G98:K98)>0,"LUNAS","BELUM LUNAS") -> LUNAS
B99: 96 | C99: =NamaPelanggan!C98 -> TAN-096 | D99: =NamaPelanggan!D98 -> varel | E99: =NamaPelanggan!E98 -> TANAH LOS | F99: =NamaPelanggan!H98 -> 100000 | I99: 100000 | L99: =IF(SUM(G99:K99)>0,"LUNAS","BELUM LUNAS") -> LUNAS
B100: 97 | C100: =NamaPelanggan!C99 -> TAN-097 | D100: =NamaPelanggan!D99 -> oktavia | E100: =NamaPelanggan!E99 -> TANAH LOS | F100: =NamaPelanggan!H99 -> 100000 | I100: 100000 | L100: =IF(SUM(G100:K100)>0,"LUNAS","BELUM LUNAS") -> LUNAS
B101: 98 | C101: =NamaPelanggan!C100 -> TAN-098 | D101: =NamaPelanggan!D100 -> sunarso | E101: =NamaPelanggan!E100 -> TANAH LOS | F101: =NamaPelanggan!H100 -> 100000 | I101: 100000 | L101: =IF(SUM(G101:K101)>0,"LUNAS","BELUM LUNAS") -> LUNAS
B102: 99 | C102: =NamaPelanggan!C101 -> TAN-099 | D102: =NamaPelanggan!D101 -> Nanang@Caca | E102: =NamaPelanggan!E101 -> TANAH LOS | F102: =NamaPelanggan!H101 -> 100000 | I102: 100000 | L102: =IF(SUM(G102:K102)>0,"LUNAS","BELUM LUNAS") -> LUNAS
B103: 100 | C103: =NamaPelanggan!C102 -> TAN-100 | D103: =NamaPelanggan!D102 -> wiwin | E103: =NamaPelanggan!E102 -> TANAH LOS | F103: =NamaPelanggan!H102 -> 100000 | I103: 100000 | L103: =IF(SUM(G103:K103)>0,"LUNAS","BELUM LUNAS") -> LUNAS
B104: 101 | C104: =NamaPelanggan!C103 -> TAN-101 | D104: =NamaPelanggan!D103 -> ayuk | E104: =NamaPelanggan!E103 -> TANAH LOS | F104: =NamaPelanggan!H103 -> 100000 | H104: 100000 | L104: =IF(SUM(G104:K104)>0,"LUNAS","BELUM LUNAS") -> LUNAS
...

Sheet Pengeluaran
B2: NO | C2: TANGGAL | D2: URAIAN | E2: JUMLAH | F2: TOTAL :
B3: 1 | C3: 11 mei 2026 | D3: mas fany fee | E3: 290000 | F3: =SUM(E3:E93) -> 1915000
B4: 2 | C4: 13 mei 2026 | D4: fee p.ulan | E4: 65000
B5: 3 | C5: 13 mei 2026 | D5: mba ida fee | E5: 560000
B6: 4 | C6: 13 mei 2026 | D6: mas fany fee | E6: 225000
B7: 5 | C7: 14 mei 2026 | D7: mba lili fee | E7: 235000
B8: 6 | C8: 16 mei 2026 | D8: mba dita fee | E8: 325000
B9: 7 | C9: 19 mei 2026 | D9: mas fany fee | E9: 70000
B10: 8 | C10: 21 mei 2026 | D10: fee mba yuni | E10: 55000
B11: 9 | C11: 2 juni 2026 | D11: mas fany fee | E11: 90000
B12: 17
B13: 18
B14: 19
B15: 20
B16: 21
B17: 22
B18: 23
B19: 24
B20: 25
B21: 26
B22: 27
B23: 28
... B25: 30

Sheet Setup
B2: KODE PAKET | C2: PAKET | D2: HARGA
B3: 10 | C3: 10mbps | D3: 100000
B4: 20 | C4: 20mbps | D4: 200000
B5: 30 | C5: 30mbps | D5: 250000
B6: 50 | C6: 50mbps | D6: 350000
B7: 100 | C7: 100mbps | D7: 1850000
B8: 200 | C8: 200Mbps | D8: 3700000
B9: 300 | C9: 300Mbps | D9: 5550000
B10: 400 | C10: 400Mbps | D10: 7400000
B11: 500 | C11: 500Mbps | D11: 9250000
B12: 600 | C12: 600Mbps | D12: 11100000

Sheet Read Me
B3: DASHBOARD PEMBAYARAN TAGIHAN WIFI
B6: Tentang:
B7: Template ini mempermudah pengelolaan usaha Wifi dengan fitur dashboard ringkasan, pencatatan biaya operasional, Semua terintegrasi untuk mempermudah manajemen usaha wifi.
B11: Panduan:
B12: 1. Sebelum mulai menggunakan template, sesuaikan dulu jenis layanan paket wifi,kode paket dan harga ada di menu setup ⚙️
B13: 2. Sheet Dashboard🖥️ dapat Anda gunakan untuk melihat ringkasan laporan keuangan usaha wifi Anda. Semua data yang Anda butuhkan dapat Anda lihat hanya dalam satu sheet
B14: 3. Pada sheet Nama Pelanggan, masukkan semua data tiap pelanggan wifi.
B15: 4. Pada sheet Tagihan Pelanggan Sebagian sudah terintrigasi dengan shet nama pelanggan, tinggal isi dikolom pembayaran dan tagihan belum lunas.
B17: Saran Penggunaan :
B18: ⚠️ disarankan untuk menggunakan laptop atau tablet, disarankan untuk tidak menghapus kolom yang sudah ada rumusnya
B20: Catatan:
B21: ⚠️ Sejumlah fitur pada spreadsheet ini kemungkinan belum support jika digunakan melalui aplikasi Microsoft Excel. Untuk penggunaan maksimal, pastikan hanya melakukan editing melalui Google Sheet.
B24: Terima kasih karena sudah menggunakan spreadsheet ini! :D
